{
    "flow_total_URG_flag": 0.0,
    "flow_total_CWE_flag": 0.0,
    "flow_total_ECE_flag": 0.0,
    "flow_total_http_5xx_packets": 0.0,
    "flow_total_ocpp16_resetHard_packets": 0.0,
    "flow_total_ocpp16_unlockconnector_packets": 0.0,
    "flow_min_ocpp16_metervalues_soc": 0.0,
    "flow_max_ocpp16_metervalues_soc": 0.0,
    "flow_total_websocket_pong_packets": 0.6770400567811865,
    "total_bw_packets": 0.6823600902604069,
    "flow_down_up_ratio": 0.75056125461057,
    "fw_websocket_bytes_per_second": 0.7845971537021198,
    "flow_max_ocpp16_setchargingprofile_minchargingrate": 0.8722331553205617,
    "bw_websocket_packts_per_second": 0.887135020636258,
    "total_flow_packets": 0.9251223870081247,
    "flow_total_ACK_flag": 0.9999300300871797,
    "flow_duration": 1.0056107230665796,
    "flow_total_FIN_flag": 1.0772570582818521,
    "flow_total_ocpp16_setchargingprofile_packets": 1.3096249263522661,
    "flow_total_ocpp16_heartbeat_packets": 1.3452943235896158,
    "flow_min_ocpp16_setchargingprofile_minchargingrate": 1.531973852186131,
    "flow_websocket_packts_per_second": 1.6064182396572653,
    "flow_websocket_bytes_per_second": 1.6224412998213635,
    "flow_start_timestamp": 1.7766596150859375,
    "flow_total_PSH_flag": 1.792949924857675,
    "flow_end_timestamp": 1.7954307775698466,
    "flow_total_http_get_packets": 1.799414966997868,
    "flow_total_ocpp16_metervalues": 1.9578185310648883,
    "bw_websocket_bytes_per_second": 2.3712471687121597,
    "flow_total_websocket_data_messages": 2.4450249438037877,
    "fw_websocket_packts_per_second": 3.3191241644360523,
    "flow_total_websocket_ping_packets": 3.8376852462762425,
    "total_fw_packets": 3.901994487506926,
    "flow_total_SYN_flag": 4.555616813042464,
    "flow_avg_ocpp16_setchargingprofile_minchargingrate": 4.760291239945411,
    "flow_total_websocket_close_packets": 6.365433847619332,
    "flow_max_ocpp16_metervalues_wh_diff": 7.762459750777598,
    "flow_total_http_4xx_packets": 9.032036061501913,
    "flow_min_ocpp16_setchargingprofile_limit": 9.729338578944956,
    "flow_avg_ocpp16_setchargingprofile_limit": 10.452670658996878,
    "flow_max_ocpp16_setchargingprofile_limit": 11.036373157968029,
    "flow_total_ocpp16_remotestarttransaction_packets": 11.449151916167162,
    "flow_total_RST_flag": 13.884685415390601,
    "flow_total_ocpp16_authorize_not_accepted_packets": 18.004785159029247,
    "flow_total_ocpp16_starttransaction_packets": 18.379138569992858,
    "flow_avg_ocpp16_metervalues_wh_diff": 29.74259248252182,
    "flow_total_ocpp16_resetSoft_packets": 39.81063513525163,
    "flow_min_ocpp16_metervalues_wh_diff": 40.341137842174795,
    "flow_total_http_2xx_packets": 72.28689214376122
}