{
    "URG Flag Count": 0.0,
    "ECE Flag Count": 0.0,
    "Bwd URG Flags": 0.0,
    "Fwd URG Flags": 0.0,
    "Total Fwd Packet": 0.8712051904687204,
    "Fwd IAT Min": 0.898259955937058,
    "Fwd Header Length": 0.9094842348912401,
    "Fwd IAT Mean": 0.9303717496179156,
    "Total Length of Bwd Packet": 1.0721397562569288,
    "Flow IAT Min": 1.0928794393878514,
    "Bwd PSH Flags": 1.1484271792501255,
    "PSH Flag Count": 1.1726924015949505,
    "Fwd Packets/s": 1.2013947231222826,
    "Idle Max": 1.232364175353754,
    "Active Min": 1.2384337795353801,
    "Bwd Packet/Bulk Avg": 1.2657379170745442,
    "Fwd IAT Std": 1.2998194340190612,
    "Idle Min": 1.3998443366265765,
    "Fwd IAT Max": 1.4668032267548163,
    "Bwd Header Length": 1.4915502785430284,
    "Average Packet Size": 1.5108132274892339,
    "Flow Packets/s": 1.5113687406544198,
    "Fwd Packet Length Max": 1.5269727709646295,
    "FWD Init Win Bytes": 1.6214493345681056,
    "Subflow Bwd Bytes": 1.785460157278057,
    "Flow IAT Mean": 1.7911429390971507,
    "Fwd Seg Size Min": 1.793056081647611,
    "Flow Duration": 1.9182342630104692,
    "Bwd Segment Size Avg": 1.9657353965389697,
    "Packet Length Variance": 2.054689991912492,
    "Bwd Packet Length Mean": 2.070298616902951,
    "Fwd Packet/Bulk Avg": 2.074172215490165,
    "Flow IAT Std": 2.0954704364289314,
    "Bwd IAT Mean": 2.1044068066490054,
    "Bwd Packet Length Max": 2.219542610415773,
    "Fwd Act Data Pkts": 2.2567575668577198,
    "Active Max": 2.2927482064731066,
    "Subflow Fwd Packets": 2.302511775581849,
    "ACK Flag Count": 2.3367892177841396,
    "Subflow Fwd Bytes": 2.3922585199080744,
    "Total Connection Flow Time": 2.5151026057045156,
    "Bwd Act Data Pkts": 2.5224188526241913,
    "Packet Length Mean": 2.523850387398766,
    "Fwd Packet Length Std": 2.526472357609946,
    "Packet Length Min": 2.5697177259583914,
    "Idle Mean": 2.615300905099107,
    "Total Bwd packets": 2.7234013559748296,
    "Idle Std": 2.83523689264412,
    "Bwd Packet Length Std": 2.8479701088325045,
    "Bwd Packets/s": 2.8916767681502034,
    "Bwd TCP Retrans. Count": 2.989706806587259,
    "Flow Bytes/s": 3.080350856350665,
    "Fwd PSH Flags": 3.202511367811968,
    "Active Std": 3.431434754154097,
    "Flow IAT Max": 3.6847389774955985,
    "Total Length of Fwd Packet": 3.8875566426308295,
    "Bwd IAT Max": 4.286895747833158,
    "Bwd IAT Min": 4.37266871432803,
    "Bwd Bytes/Bulk Avg": 4.521205318639031,
    "Total TCP Retrans. Count": 4.526499970881884,
    "Fwd Bytes/Bulk Avg": 4.5373575738864345,
    "Bwd Init Win Bytes": 4.562365113571276,
    "RST Flag Count": 4.659073210388059,
    "Bwd IAT Std": 4.681524073085002,
    "Packet Length Std": 4.9002532666340315,
    "SYN Flag Count": 4.965062343326653,
    "Subflow Bwd Packets": 5.1483638045907005,
    "Fwd TCP Retrans. Count": 5.481222806263198,
    "Packet Length Max": 5.989255131735878,
    "FIN Flag Count": 6.250901559492057,
    "Active Mean": 6.3512906471624015,
    "Fwd IAT Total": 6.727709201180813,
    "Bwd Bulk Rate Avg": 7.3278260311483585,
    "Down/Up Ratio": 8.901140369048473,
    "Bwd IAT Total": 9.209023689081352,
    "Fwd Packet Length Mean": 9.352946444454973,
    "Fwd Bulk Rate Avg": 10.182078780427664,
    "Fwd Segment Size Avg": 11.919654121186534,
    "Bwd Packet Length Min": 14.063313307863414,
    "Bwd Seg Size Min": 16.130341880151324,
    "Fwd RST Flags": 17.61683213133913,
    "Bwd RST Flags": 24.65926732424577,
    "Fwd Packet Length Min": 35.75073992405667,
    "ICMP Code": 54.77343024667805,
    "ICMP Type": 57.689491952284015
}